-- Research, Data and Calculations Alan Jones, AlanJones@stny.rr.com
-- ref http://home.roadrunner.com/~alanjones/AgeGrade.html
-- based on 2010 road  and track data
-- adapted for SQLite by Waitman Gobble 
-- usage: sqlite3 wma2010.db < wma2010.sql
--

CREATE TABLE male_key (
	keycode TEXT,
	distance TEXT,
	openstandard INTEGER
);

INSERT INTO male_key VALUES ('c1','5 km',774);
INSERT INTO male_key VALUES ('c2','6 km',940);
INSERT INTO male_key VALUES ('c3','4 Mile',1011);
INSERT INTO male_key VALUES ('c4','8 km',1272);
INSERT INTO male_key VALUES ('c5','5 Mile',1280);
INSERT INTO male_key VALUES ('c6','10 km',1611);
INSERT INTO male_key VALUES ('c7','12 km',1951);
INSERT INTO male_key VALUES ('c8','15 km',2469);
INSERT INTO male_key VALUES ('c9','10 Mile',2663);
INSERT INTO male_key VALUES ('c10','20 km',3358);
INSERT INTO male_key VALUES ('c11','H. Mar',3553);
INSERT INTO male_key VALUES ('c12','25 km',4259);
INSERT INTO male_key VALUES ('c13','30 km',5179);
INSERT INTO male_key VALUES ('c14','Marathon',7495);
INSERT INTO male_key VALUES ('c15','50 km',9080);
INSERT INTO male_key VALUES ('c16','50 Mile',16080);
INSERT INTO male_key VALUES ('c17','100 km',21360);
INSERT INTO male_key VALUES ('c18','150 km',36300);
INSERT INTO male_key VALUES ('c19','100 Mile',39850);
INSERT INTO male_key VALUES ('c20','200 km',52800);



CREATE TABLE female_key (
	keycode TEXT,
	distance TEXT,
	openstandard INTEGER
);

INSERT INTO female_key VALUES ('c1','5 km',888);
INSERT INTO female_key VALUES ('c2','6 km',1073);
INSERT INTO female_key VALUES ('c3','4 Mile',1154);
INSERT INTO female_key VALUES ('c4','8 km',1445);
INSERT INTO female_key VALUES ('c5','5 MIle',1452);
INSERT INTO female_key VALUES ('c6','10 km',1820);
INSERT INTO female_key VALUES ('c7','12 km',2200);
INSERT INTO female_key VALUES ('c8','15 km',2772);
INSERT INTO female_key VALUES ('c9','10 Mile',2981);
INSERT INTO female_key VALUES ('c10','20 km',3738);
INSERT INTO female_key VALUES ('c11','H. Mar',3950);
INSERT INTO female_key VALUES ('c12','25 km',4712);
INSERT INTO female_key VALUES ('c13','30 km',5696);
INSERT INTO female_key VALUES ('c14','Marathon',8125);
INSERT INTO female_key VALUES ('c15','50 km',9820);
INSERT INTO female_key VALUES ('c16','50 Mile',17760);
INSERT INTO female_key VALUES ('c17','100 km',23591);
INSERT INTO female_key VALUES ('c18','150 km',39700);
INSERT INTO female_key VALUES ('c19','100 Mile',43500);
INSERT INTO female_key VALUES ('c20','200 km',57600);




CREATE TABLE male_road (
	age INTEGER,
	c1 INTEGER,
	c2 INTEGER,
	c3 INTEGER,
	c4 INTEGER,
	c5 INTEGER,
	c6 INTEGER,
	c7 INTEGER,
	c8 INTEGER,
	c9 INTEGER,
	c10 INTEGER,
	c11 INTEGER,
	c12 INTEGER,
	c13 INTEGER,
	c14 INTEGER,
	c15 INTEGER,
	c16 INTEGER,
	c17 INTEGER,
	c18 INTEGER,
	c19 INTEGER,
	c20 INTEGER
); 
INSERT INTO male_road VALUES (5,1186,1440,1549,1949,1961,2469,2990,3793,4100,5247,5579,6771,8296,12067,14619,25890,34391,58445,64160,85010);
INSERT INTO male_road VALUES (6,1122,1363,1465,1844,1855,2335,2828,3587,3876,4952,5262,6378,7807,11349,13749,24349,32344,54967,60342,79952);
INSERT INTO male_road VALUES (7,1068,1297,1394,1754,1766,2222,2691,3412,3687,4703,4995,6046,7395,10746,13018,23054,30624,52043,57133,75699);
INSERT INTO male_road VALUES (8,1021,1240,1334,1678,1689,2126,2574,3263,3525,4491,4768,5765,7046,10233,12398,21955,29164,49563,54410,72092);
INSERT INTO male_road VALUES (9,981,1192,1282,1613,1623,2043,2474,3136,3387,4310,4573,5524,6748,9796,11868,21017,27918,47445,52085,69011);
INSERT INTO male_road VALUES (10,947,1150,1237,1557,1567,1972,2388,3026,3267,4153,4406,5317,6492,9421,11413,20211,26848,45626,50088,66365);
INSERT INTO male_road VALUES (11,918,1115,1199,1508,1518,1910,2313,2931,3165,4019,4262,5139,6271,9097,11021,19517,25925,44059,48368,64085);
INSERT INTO male_road VALUES (12,892,1084,1165,1466,1476,1857,2249,2849,3076,3902,4137,4985,6080,8818,10682,18918,25129,42706,46882,62118);
INSERT INTO male_road VALUES (13,870,1057,1137,1430,1439,1811,2194,2779,2999,3802,4030,4852,5915,8576,10390,18400,24442,41538,45600,60419);
INSERT INTO male_road VALUES (14,851,1034,1112,1399,1408,1772,2146,2718,2933,3716,3937,4737,5774,8369,10138,17954,23850,40531,44495,58955);
INSERT INTO male_road VALUES (15,835,1014,1091,1373,1381,1739,2106,2666,2877,3642,3858,4639,5652,8190,9922,17572,23342,39668,43547,57699);
INSERT INTO male_road VALUES (16,822,998,1073,1350,1359,1710,2071,2623,2830,3580,3791,4556,5549,8038,9738,17246,22909,38932,42739,56628);
INSERT INTO male_road VALUES (17,810,984,1059,1332,1340,1687,2043,2586,2791,3527,3735,4486,5461,7910,9583,16971,22544,38311,42058,55726);
INSERT INTO male_road VALUES (18,800,972,1046,1315,1324,1666,2018,2554,2755,3481,3685,4423,5383,7795,9444,16724,22215,37754,41446,54914);
INSERT INTO male_road VALUES (19,791,960,1033,1299,1307,1646,1993,2522,2721,3435,3636,4362,5307,7683,9308,16484,21896,37212,40851,54126);
INSERT INTO male_road VALUES (20,782,950,1022,1286,1294,1628,1972,2496,2692,3397,3595,4311,5243,7590,9195,16284,21630,36759,40354,53468);
INSERT INTO male_road VALUES (21,777,944,1015,1277,1285,1617,1959,2479,2673,3372,3568,4277,5202,7529,9121,16153,21457,36464,40030,53039);
INSERT INTO male_road VALUES (22,774,940,1011,1273,1281,1612,1952,2470,2664,3360,3555,4261,5182,7499,9085,16088,21371,36318,39870,52826);
INSERT INTO male_road VALUES (23,774,940,1011,1272,1280,1611,1951,2469,2663,3358,3553,4259,5179,7495,9080,16080,21360,36300,39850,52800);
INSERT INTO male_road VALUES (24,774,940,1011,1272,1280,1611,1951,2469,2663,3358,3553,4259,5179,7495,9080,16080,21360,36300,39850,52800);
INSERT INTO male_road VALUES (25,774,940,1011,1272,1280,1611,1951,2469,2663,3358,3553,4259,5179,7495,9080,16080,21360,36300,39850,52800);
INSERT INTO male_road VALUES (26,774,940,1011,1272,1280,1611,1951,2469,2663,3358,3553,4259,5179,7495,9080,16080,21360,36300,39850,52800);
INSERT INTO male_road VALUES (27,774,940,1011,1272,1280,1611,1951,2469,2663,3358,3553,4259,5179,7495,9080,16080,21360,36300,39850,52800);
INSERT INTO male_road VALUES (28,774,940,1011,1272,1280,1611,1951,2469,2663,3358,3553,4259,5179,7495,9080,16080,21360,36300,39850,52800);
INSERT INTO male_road VALUES (29,775,941,1012,1273,1281,1612,1951,2469,2663,3358,3553,4259,5179,7495,9080,16080,21360,36300,39850,52800);
INSERT INTO male_road VALUES (30,776,942,1014,1275,1283,1615,1953,2469,2663,3358,3553,4259,5179,7495,9080,16080,21360,36300,39850,52800);
INSERT INTO male_road VALUES (31,778,945,1016,1278,1286,1619,1956,2471,2665,3358,3553,4259,5179,7495,9080,16080,21360,36300,39850,52800);
INSERT INTO male_road VALUES (32,780,947,1019,1282,1290,1624,1961,2476,2669,3360,3554,4259,5179,7495,9080,16080,21360,36300,39850,52800);
INSERT INTO male_road VALUES (33,783,951,1023,1287,1295,1630,1968,2483,2675,3365,3559,4261,5179,7495,9080,16080,21360,36300,39850,52800);
INSERT INTO male_road VALUES (34,787,955,1027,1293,1301,1637,1976,2492,2684,3374,3567,4268,5182,7495,9080,16080,21360,36300,39850,52800);
INSERT INTO male_road VALUES (35,791,960,1033,1300,1308,1646,1986,2503,2696,3387,3580,4280,5191,7495,9080,16080,21360,36300,39850,52800);
INSERT INTO male_road VALUES (36,796,966,1039,1307,1316,1656,1998,2517,2711,3403,3597,4298,5209,7503,9089,16096,21381,36336,39890,52853);
INSERT INTO male_road VALUES (37,801,973,1046,1316,1325,1667,2012,2533,2728,3424,3618,4321,5234,7525,9116,16145,21446,36446,40010,53012);
INSERT INTO male_road VALUES (38,807,980,1054,1326,1334,1680,2026,2552,2748,3448,3644,4351,5267,7563,9162,16226,21554,36630,40212,53280);
INSERT INTO male_road VALUES (39,813,987,1062,1336,1344,1692,2042,2572,2769,3475,3672,4385,5309,7617,9228,16341,21707,36890,40498,53659);
INSERT INTO male_road VALUES (40,819,995,1070,1346,1354,1705,2057,2591,2791,3502,3701,4420,5351,7680,9304,16477,21887,37196,40834,54104);
INSERT INTO male_road VALUES (41,825,1002,1078,1356,1365,1717,2073,2611,2812,3530,3731,4455,5395,7744,9381,16613,22068,37504,41172,54551);
INSERT INTO male_road VALUES (42,831,1010,1086,1366,1375,1730,2089,2632,2834,3558,3761,4491,5439,7808,9459,16752,22252,37816,41515,55006);
INSERT INTO male_road VALUES (43,838,1017,1094,1377,1385,1744,2105,2652,2857,3587,3791,4528,5484,7874,9539,16893,22439,38134,41864,55468);
INSERT INTO male_road VALUES (44,844,1025,1103,1387,1396,1757,2121,2674,2880,3616,3822,4565,5530,7940,9620,17036,22630,38457,42218,55938);
INSERT INTO male_road VALUES (45,851,1033,1111,1398,1407,1771,2138,2695,2903,3645,3853,4603,5575,8009,9703,17183,22825,38790,42584,56422);
INSERT INTO male_road VALUES (46,857,1041,1120,1409,1418,1784,2155,2716,2926,3675,3885,4641,5623,8078,9787,17331,23022,39125,42951,56909);
INSERT INTO male_road VALUES (47,864,1049,1129,1420,1429,1798,2172,2738,2950,3706,3917,4680,5671,8149,9872,17482,23222,39465,43325,57404);
INSERT INTO male_road VALUES (48,871,1058,1137,1431,1440,1813,2189,2761,2974,3737,3950,4720,5719,8220,9958,17635,23426,39811,43705,57907);
INSERT INTO male_road VALUES (49,878,1066,1147,1443,1452,1827,2207,2784,2999,3768,3983,4760,5769,8293,10046,17792,23634,40164,44092,58420);
INSERT INTO male_road VALUES (50,885,1075,1156,1454,1463,1842,2225,2807,3024,3800,4017,4802,5820,8368,10137,17952,23847,40527,44490,58948);
INSERT INTO male_road VALUES (51,892,1083,1165,1466,1475,1857,2243,2830,3050,3833,4052,4844,5871,8443,10229,18114,24062,40892,44891,59480);
INSERT INTO male_road VALUES (52,899,1092,1175,1478,1487,1872,2262,2854,3075,3866,4087,4886,5924,8520,10322,18279,24281,41264,45300,60020);
INSERT INTO male_road VALUES (53,907,1101,1184,1490,1500,1887,2281,2879,3102,3900,4123,4929,5976,8598,10416,18447,24504,41643,45715,60571);
INSERT INTO male_road VALUES (54,914,1110,1194,1503,1512,1903,2300,2903,3129,3934,4159,4974,6031,8678,10513,18618,24731,42028,46139,61132);
INSERT INTO male_road VALUES (55,922,1120,1204,1515,1525,1919,2320,2928,3156,3969,4196,5018,6086,8760,10612,18794,24965,42426,46576,61711);
INSERT INTO male_road VALUES (56,930,1129,1215,1528,1538,1935,2340,2954,3184,4004,4234,5064,6142,8843,10713,18971,25201,42827,47015,62294);
INSERT INTO male_road VALUES (57,938,1139,1225,1541,1551,1952,2360,2980,3212,4040,4272,5111,6199,8927,10815,19152,25441,43235,47463,62887);
INSERT INTO male_road VALUES (58,946,1149,1235,1554,1564,1968,2381,3007,3241,4078,4311,5158,6258,9013,10919,19336,25685,43651,47920,63492);
INSERT INTO male_road VALUES (59,954,1159,1246,1568,1578,1986,2402,3034,3270,4115,4352,5207,6317,9100,11025,19524,25935,44075,48385,64109);
INSERT INTO male_road VALUES (60,962,1169,1257,1581,1591,2003,2423,3061,3300,4153,4392,5255,6378,9191,11134,19718,26193,44513,48866,64746);
INSERT INTO male_road VALUES (61,971,1179,1268,1596,1606,2021,2445,3089,3330,4192,4433,5306,6440,9282,11245,19913,26452,44954,49350,65387);
INSERT INTO male_road VALUES (62,979,1190,1279,1610,1620,2039,2467,3118,3362,4232,4475,5357,6502,9375,11357,20113,26717,45403,49844,66041);
INSERT INTO male_road VALUES (63,988,1200,1291,1624,1634,2057,2489,3147,3393,4272,4519,5409,6567,9469,11472,20316,26987,45862,50347,66709);
INSERT INTO male_road VALUES (64,997,1211,1303,1639,1649,2076,2513,3177,3425,4313,4562,5462,6632,9566,11589,20523,27262,46331,50862,67390);
INSERT INTO male_road VALUES (65,1006,1222,1315,1654,1664,2095,2536,3207,3458,4355,4607,5517,6699,9666,11710,20738,27547,46815,51393,68094);
INSERT INTO male_road VALUES (66,1016,1234,1327,1669,1680,2114,2560,3238,3491,4399,4652,5572,6767,9767,11832,20954,27834,47303,51929,68804);
INSERT INTO male_road VALUES (67,1025,1245,1339,1685,1695,2134,2584,3269,3525,4442,4699,5628,6837,9870,11957,21175,28127,47801,52476,69529);
INSERT INTO male_road VALUES (68,1035,1257,1352,1701,1711,2154,2609,3301,3560,4487,4746,5686,6908,9975,12084,21400,28427,48310,53034,70269);
INSERT INTO male_road VALUES (69,1046,1270,1366,1718,1729,2176,2635,3334,3595,4532,4795,5745,6981,10082,12214,21630,28733,48830,53605,71025);
INSERT INTO male_road VALUES (70,1058,1284,1381,1738,1749,2201,2665,3370,3634,4579,4845,5805,7054,10193,12349,21869,29049,49368,54196,71807);
INSERT INTO male_road VALUES (71,1071,1300,1398,1759,1770,2228,2697,3410,3676,4630,4899,5869,7132,10307,12486,22112,29373,49917,54799,72607);
INSERT INTO male_road VALUES (72,1085,1318,1417,1783,1794,2258,2732,3454,3722,4687,4958,5940,7217,10431,12637,22380,29729,50522,55463,73486);
INSERT INTO male_road VALUES (73,1101,1337,1438,1809,1821,2291,2772,3502,3774,4750,5025,6019,7313,10570,12805,22677,30123,51192,56198,74461);
INSERT INTO male_road VALUES (74,1118,1358,1460,1837,1849,2327,2814,3556,3831,4820,5098,6106,7418,10722,12990,23004,30558,51931,57010,75536);
INSERT INTO male_road VALUES (75,1137,1381,1485,1868,1880,2366,2862,3614,3893,4896,5179,6202,7534,10891,13194,23365,31037,52746,57905,76722);
INSERT INTO male_road VALUES (76,1157,1406,1512,1902,1914,2409,2913,3678,3962,4981,5268,6309,7661,11077,13420,23766,31570,53651,58897,78037);
INSERT INTO male_road VALUES (77,1180,1433,1541,1939,1952,2456,2969,3748,4037,5073,5365,6425,7802,11281,13666,24202,32149,54636,59979,79470);
INSERT INTO male_road VALUES (78,1205,1463,1574,1980,1992,2507,3030,3824,4118,5175,5473,6552,7955,11504,13937,24682,32786,55718,61167,81044);
INSERT INTO male_road VALUES (79,1232,1496,1609,2024,2037,2563,3097,3909,4208,5286,5590,6692,8125,11749,14234,25208,33485,56905,62471,82772);
INSERT INTO male_road VALUES (80,1261,1531,1647,2072,2085,2625,3171,4000,4307,5408,5720,6846,8312,12019,14561,25786,34253,58210,63903,84670);
INSERT INTO male_road VALUES (81,1293,1571,1689,2125,2139,2692,3252,4101,4415,5542,5861,7015,8515,12317,14922,26426,35103,59655,65489,86771);
INSERT INTO male_road VALUES (82,1329,1614,1736,2184,2197,2766,3340,4213,4534,5691,6017,7202,8741,12643,15317,27126,36032,61235,67223,89069);
INSERT INTO male_road VALUES (83,1367,1661,1786,2247,2261,2846,3438,4335,4665,5853,6190,7407,8990,13003,15753,27897,37058,62977,69136,91603);
INSERT INTO male_road VALUES (84,1410,1713,1842,2318,2332,2935,3545,4470,4809,6033,6380,7634,9265,13401,16235,28750,38191,64903,71250,94404);
INSERT INTO male_road VALUES (85,1458,1771,1904,2396,2411,3034,3665,4618,4969,6232,6591,7886,9569,13841,16768,29695,39446,67036,73592,97507);
INSERT INTO male_road VALUES (86,1511,1835,1973,2482,2498,3144,3796,4784,5147,6454,6825,8165,9908,14334,17365,30752,40849,69421,76210,100975);
INSERT INTO male_road VALUES (87,1569,1906,2049,2579,2595,3266,3943,4969,5345,6701,7086,8477,10286,14880,18027,31924,42406,72067,79115,104824);
INSERT INTO male_road VALUES (88,1635,1985,2135,2686,2703,3402,4107,5175,5568,6978,7379,8827,10709,15492,18768,33237,44150,75031,82369,109136);
INSERT INTO male_road VALUES (89,1708,2075,2231,2807,2825,3556,4293,5407,5817,7290,7709,9221,11186,16181,19603,34715,46114,78368,86032,113990);
INSERT INTO male_road VALUES (90,1791,2175,2340,2944,2962,3728,4502,5671,6099,7644,8082,9666,11725,16961,20548,36388,48337,82145,90179,119484);
INSERT INTO male_road VALUES (91,1886,2290,2463,3099,3119,3925,4739,5970,6420,8045,8506,10174,12340,17854,21629,38304,50881,86470,94926,125774);
INSERT INTO male_road VALUES (92,1994,2422,2605,3278,3298,4151,5012,6313,6790,8508,8995,10758,13049,18874,22866,40494,53790,91413,100353,132964);
INSERT INTO male_road VALUES (93,2119,2574,2768,3483,3505,4411,5326,6709,7217,9041,9559,11430,13866,20056,24298,43029,57158,97137,106636,141290);
INSERT INTO male_road VALUES (94,2266,2752,2960,3724,3747,4716,5695,7173,7717,9666,10222,12221,14823,21439,25973,45995,61098,103833,113987,151030);
INSERT INTO male_road VALUES (95,2439,2962,3185,4008,4033,5076,6131,7723,8306,10409,11003,13157,15960,23076,27956,49507,65764,111761,122691,162562);
INSERT INTO male_road VALUES (96,2645,3213,3455,4347,4375,5506,6652,8381,9015,11299,11947,14282,17321,25050,30348,53743,71390,121324,133189,176471);
INSERT INTO male_road VALUES (97,2898,3519,3785,4762,4792,6031,7291,9185,9881,12387,13096,15658,18992,27454,33260,58901,78242,132967,145971,193407);
INSERT INTO male_road VALUES (98,3213,3902,4197,5280,5313,6687,8085,10186,10963,13745,14532,17377,21070,30455,36896,65339,86794,147501,161926,214547);
INSERT INTO male_road VALUES (99,3613,4388,4720,5938,5976,7521,9100,11468,12346,15489,16381,19582,23746,34302,41556,73593,97757,166133,182380,241648);
INSERT INTO male_road VALUES (100,4143,5032,5412,6809,6852,8624,10444,13168,14180,17805,18829,22511,27287,39406,47739,84543,112303,190852,209516,277603);
CREATE TABLE female_road (
	age INTEGER,
	c1 INTEGER,
	c2 INTEGER,
	c3 INTEGER,
	c4 INTEGER,
	c5 INTEGER,
	c6 INTEGER,
	c7 INTEGER,
	c8 INTEGER,
	c9 INTEGER,
	c10 INTEGER,
	c11 INTEGER,
	c12 INTEGER,
	c13 INTEGER,
	c14 INTEGER,
	c15 INTEGER,
	c16 INTEGER,
	c17 INTEGER,
	c18 INTEGER,
	c19 INTEGER,
	c20 INTEGER
); 
INSERT INTO female_road VALUES (5,1225,1480,1592,1993,2003,2510,3034,3823,4112,5156,5448,6499,7857,11207,13545,24497,32539,54759,60000,79448);
INSERT INTO female_road VALUES (6,1172,1416,1523,1907,1916,2405,2927,3785,4142,5336,5690,6915,8518,12388,14972,27077,35967,60528,66321,87818);
INSERT INTO female_road VALUES (7,1126,1361,1463,1832,1841,2311,2811,3623,3957,5081,5412,6562,8063,11697,14138,25569,33963,57155,62626,82925);
INSERT INTO female_road VALUES (8,1087,1313,1412,1768,1777,2230,2710,3484,3798,4863,5174,6261,7678,11113,13432,24292,32268,54302,59499,78785);
INSERT INTO female_road VALUES (9,1053,1272,1368,1713,1722,2160,2624,3364,3661,4675,4970,6003,7348,10615,12830,23204,30822,51868,56833,75255);
INSERT INTO female_road VALUES (10,1024,1237,1330,1666,1674,2100,2549,3261,3543,4514,4795,5782,7064,10188,12313,22270,29581,49781,54545,72226);
INSERT INTO female_road VALUES (11,998,1206,1298,1625,1633,2048,2484,3172,3441,4374,4643,5590,6820,9820,11869,21465,28512,47982,52574,69616);
INSERT INTO female_road VALUES (12,977,1180,1269,1589,1597,2004,2429,3095,3354,4254,4512,5425,6609,9502,11484,20770,27589,46427,50871,67361);
INSERT INTO female_road VALUES (13,958,1158,1245,1559,1567,1965,2382,3029,3278,4150,4399,5282,6426,9227,11151,20168,26790,45083,49398,65410);
INSERT INTO female_road VALUES (14,943,1139,1225,1534,1542,1933,2342,2973,3213,4061,4302,5159,6268,8989,10864,19648,26099,43921,48125,63724);
INSERT INTO female_road VALUES (15,930,1124,1208,1513,1520,1907,2308,2926,3159,3985,4219,5053,6133,8784,10616,19200,25504,42919,47027,62270);
INSERT INTO female_road VALUES (16,918,1110,1193,1494,1502,1883,2278,2883,3109,3916,4144,4957,6010,8598,10392,18794,24964,42011,46032,60952);
INSERT INTO female_road VALUES (17,907,1096,1179,1476,1483,1859,2249,2842,3061,3849,4071,4865,5892,8420,10176,18404,24447,41140,45078,59689);
INSERT INTO female_road VALUES (18,898,1085,1166,1461,1468,1840,2225,2807,3021,3794,4011,4789,5795,8273,9999,18084,24021,40424,44293,58650);
INSERT INTO female_road VALUES (19,891,1077,1159,1451,1458,1827,2209,2785,2995,3758,3972,4739,5731,8177,9883,17874,23743,39956,43780,57971);
INSERT INTO female_road VALUES (20,888,1073,1154,1446,1453,1821,2201,2773,2982,3740,3952,4715,5700,8131,9827,17772,23608,39728,43530,57640);
INSERT INTO female_road VALUES (21,888,1073,1154,1445,1452,1820,2200,2772,2981,3738,3950,4712,5696,8125,9820,17760,23591,39700,43500,57600);
INSERT INTO female_road VALUES (22,888,1073,1154,1445,1452,1820,2200,2772,2981,3738,3950,4712,5696,8125,9820,17760,23591,39700,43500,57600);
INSERT INTO female_road VALUES (23,888,1073,1154,1445,1452,1820,2200,2772,2981,3738,3950,4712,5696,8125,9820,17760,23591,39700,43500,57600);
INSERT INTO female_road VALUES (24,888,1073,1154,1445,1452,1820,2200,2772,2981,3738,3950,4712,5696,8125,9820,17760,23591,39700,43500,57600);
INSERT INTO female_road VALUES (25,888,1073,1154,1445,1452,1820,2200,2772,2981,3738,3950,4712,5696,8125,9820,17760,23591,39700,43500,57600);
INSERT INTO female_road VALUES (26,888,1073,1154,1445,1452,1820,2200,2772,2981,3738,3950,4712,5696,8125,9820,17760,23591,39700,43500,57600);
INSERT INTO female_road VALUES (27,888,1073,1154,1445,1452,1820,2200,2772,2981,3738,3950,4712,5696,8125,9820,17760,23591,39700,43500,57600);
INSERT INTO female_road VALUES (28,888,1073,1154,1445,1452,1820,2200,2772,2981,3738,3950,4712,5696,8125,9820,17760,23591,39700,43500,57600);
INSERT INTO female_road VALUES (29,888,1073,1154,1445,1452,1820,2200,2772,2981,3738,3950,4712,5696,8125,9820,17760,23591,39700,43500,57600);
INSERT INTO female_road VALUES (30,888,1073,1154,1445,1452,1821,2201,2773,2982,3739,3951,4713,5698,8128,9824,17767,23600,39716,43517,57623);
INSERT INTO female_road VALUES (31,889,1074,1155,1447,1454,1822,2202,2775,2984,3742,3954,4718,5703,8139,9837,17790,23631,39768,43574,57698);
INSERT INTO female_road VALUES (32,890,1076,1157,1448,1455,1824,2205,2779,2988,3747,3960,4724,5713,8156,9857,17828,23681,39851,43666,57820);
INSERT INTO female_road VALUES (33,892,1078,1159,1451,1458,1828,2210,2784,2994,3754,3967,4734,5726,8180,9886,17880,23750,39968,43793,57989);
INSERT INTO female_road VALUES (34,894,1080,1162,1455,1462,1832,2215,2790,3001,3763,3976,4747,5743,8211,9924,17948,23841,40121,43962,58211);
INSERT INTO female_road VALUES (35,897,1083,1165,1459,1466,1838,2221,2799,3010,3774,3988,4762,5764,8250,9971,18032,23953,40309,44167,58483);
INSERT INTO female_road VALUES (36,900,1087,1169,1464,1471,1844,2229,2809,3020,3787,4002,4780,5789,8295,10026,18132,24085,40531,44410,58806);
INSERT INTO female_road VALUES (37,903,1092,1174,1470,1477,1851,2238,2820,3033,3803,4018,4802,5818,8349,10090,18249,24241,40793,44698,59186);
INSERT INTO female_road VALUES (38,908,1097,1179,1477,1484,1860,2248,2833,3046,3820,4037,4826,5850,8411,10166,18385,24421,41097,45031,59627);
INSERT INTO female_road VALUES (39,912,1102,1186,1484,1492,1870,2260,2848,3062,3840,4058,4854,5889,8480,10249,18537,24623,41436,45402,60119);
INSERT INTO female_road VALUES (40,918,1109,1192,1493,1500,1881,2273,2864,3080,3862,4081,4884,5930,8559,10344,18709,24851,41820,45823,60676);
INSERT INTO female_road VALUES (41,923,1116,1200,1503,1510,1892,2288,2882,3100,3887,4107,4919,5977,8647,10451,18902,25107,42252,46296,61303);
INSERT INTO female_road VALUES (42,930,1123,1208,1513,1520,1906,2303,2902,3121,3914,4136,4957,6029,8744,10568,19113,25389,42725,46814,61989);
INSERT INTO female_road VALUES (43,937,1132,1217,1524,1532,1920,2321,2924,3145,3943,4167,4998,6085,8848,10694,19340,25690,43232,47370,62725);
INSERT INTO female_road VALUES (44,944,1141,1227,1537,1544,1936,2340,2948,3171,3976,4201,5043,6148,8954,10822,19572,25998,43751,47939,63478);
INSERT INTO female_road VALUES (45,953,1151,1238,1551,1558,1953,2361,2975,3199,4011,4239,5093,6216,9063,10954,19810,26315,44283,48522,64250);
INSERT INTO female_road VALUES (46,962,1162,1250,1565,1573,1971,2383,3003,3229,4049,4279,5146,6289,9175,11089,20054,26638,44828,49119,65041);
INSERT INTO female_road VALUES (47,972,1174,1263,1581,1589,1991,2407,3033,3262,4090,4322,5204,6366,9289,11227,20304,26970,45387,49731,65851);
INSERT INTO female_road VALUES (48,982,1187,1277,1598,1606,2013,2434,3066,3298,4135,4369,5267,6444,9406,11368,20560,27311,45960,50359,66682);
INSERT INTO female_road VALUES (49,994,1201,1291,1617,1625,2036,2462,3102,3336,4183,4420,5332,6525,9526,11514,20823,27660,46547,51002,67534);
INSERT INTO female_road VALUES (50,1006,1215,1307,1637,1645,2062,2492,3140,3377,4234,4474,5399,6607,9650,11663,21093,28018,47150,51663,68409);
INSERT INTO female_road VALUES (51,1018,1231,1324,1657,1665,2087,2523,3179,3419,4287,4530,5467,6692,9776,11816,21369,28385,47768,52340,69306);
INSERT INTO female_road VALUES (52,1031,1246,1340,1678,1686,2114,2555,3220,3462,4341,4588,5537,6779,9906,11973,21653,28762,48403,53036,70227);
INSERT INTO female_road VALUES (53,1045,1262,1357,1700,1708,2141,2588,3261,3507,4397,4647,5609,6868,10040,12134,21945,29150,49055,53750,71173);
INSERT INTO female_road VALUES (54,1058,1279,1375,1722,1730,2169,2622,3303,3552,4454,4707,5683,6959,10177,12300,22244,29548,49724,54484,72144);
INSERT INTO female_road VALUES (55,1072,1295,1393,1745,1753,2197,2656,3347,3599,4513,4769,5758,7053,10317,12470,22552,29957,50413,55238,73143);
INSERT INTO female_road VALUES (56,1086,1313,1412,1768,1776,2227,2691,3391,3647,4573,4832,5836,7149,10462,12645,22869,30377,51120,56013,74169);
INSERT INTO female_road VALUES (57,1101,1330,1431,1792,1800,2257,2728,3437,3696,4635,4898,5916,7249,10611,12825,23194,30810,51848,56811,75225);
INSERT INTO female_road VALUES (58,1116,1349,1450,1816,1825,2288,2765,3484,3747,4698,4965,5998,7351,10764,13010,23529,31255,52597,57631,76312);
INSERT INTO female_road VALUES (59,1132,1367,1471,1841,1850,2319,2804,3533,3799,4764,5034,6082,7455,10922,13201,23874,31713,53367,58476,77430);
INSERT INTO female_road VALUES (60,1148,1387,1491,1867,1876,2352,2843,3582,3852,4831,5105,6169,7563,11085,13397,24229,32184,54161,59345,78581);
INSERT INTO female_road VALUES (61,1164,1406,1513,1894,1903,2386,2884,3634,3907,4900,5178,6258,7674,11252,13599,24595,32670,54979,60241,79767);
INSERT INTO female_road VALUES (62,1181,1427,1535,1922,1931,2420,2926,3686,3964,4971,5253,6350,7789,11424,13808,24972,33171,55821,61164,80990);
INSERT INTO female_road VALUES (63,1198,1448,1557,1950,1959,2456,2969,3740,4022,5044,5330,6445,7907,11602,14023,25361,33687,56690,62116,82250);
INSERT INTO female_road VALUES (64,1216,1469,1580,1979,1988,2492,3013,3796,4082,5119,5409,6543,8028,11786,14244,25762,34220,57586,63098,83551);
INSERT INTO female_road VALUES (65,1235,1492,1604,2009,2019,2530,3059,3854,4144,5197,5491,6643,8153,11975,14473,26175,34769,58511,64112,84893);
INSERT INTO female_road VALUES (66,1254,1515,1629,2040,2050,2569,3106,3913,4208,5277,5576,6747,8283,12170,14709,26603,35337,59467,65159,86279);
INSERT INTO female_road VALUES (67,1273,1538,1654,2072,2082,2609,3154,3974,4274,5359,5663,6854,8416,12372,14954,27044,35924,60454,66240,87711);
INSERT INTO female_road VALUES (68,1293,1563,1681,2105,2115,2651,3204,4037,4342,5444,5753,6964,8554,12581,15206,27501,36530,61474,67358,89192);
INSERT INTO female_road VALUES (69,1314,1588,1708,2139,2149,2694,3256,4102,4412,5532,5846,7078,8696,12797,15467,27973,37157,62530,68515,90723);
INSERT INTO female_road VALUES (70,1336,1614,1736,2174,2184,2738,3309,4170,4484,5623,5942,7196,8843,13021,15737,28462,37806,63622,69712,92308);
INSERT INTO female_road VALUES (71,1358,1641,1765,2210,2221,2783,3364,4239,4559,5716,6041,7318,8996,13252,16017,28968,38478,64753,70951,93949);
INSERT INTO female_road VALUES (72,1381,1669,1795,2247,2258,2830,3421,4311,4636,5813,6143,7444,9153,13492,16307,29492,39175,65925,72235,95649);
INSERT INTO female_road VALUES (73,1405,1698,1826,2286,2297,2879,3480,4385,4716,5914,6249,7574,9316,13741,16607,30036,39897,67140,73567,97412);
INSERT INTO female_road VALUES (74,1429,1727,1858,2326,2337,2930,3542,4462,4799,6017,6359,7709,9485,14001,16922,30605,40653,68413,74961,99259);
INSERT INTO female_road VALUES (75,1455,1758,1891,2368,2379,2982,3605,4542,4884,6125,6472,7849,9661,14289,17270,31235,41490,69821,76504,101301);
INSERT INTO female_road VALUES (76,1481,1790,1925,2411,2422,3036,3670,4625,4973,6236,6590,7995,9843,14611,17659,31937,42422,71390,78223,103578);
INSERT INTO female_road VALUES (77,1509,1823,1961,2455,2467,3093,3738,4710,5065,6352,6712,8145,10037,14966,18088,32713,43454,73126,80125,106097);
INSERT INTO female_road VALUES (78,1537,1858,1998,2502,2514,3151,3809,4799,5161,6472,6839,8303,10258,15362,18567,33579,44604,75061,82246,108905);
INSERT INTO female_road VALUES (79,1567,1893,2036,2550,2562,3212,3882,4891,5260,6596,6970,8479,10507,15804,19101,34546,45888,77222,84614,112040);
INSERT INTO female_road VALUES (80,1599,1933,2079,2603,2615,3278,3963,4993,5369,6733,7115,8681,10788,16299,19699,35627,47324,79639,87262,115547);
INSERT INTO female_road VALUES (81,1637,1978,2127,2664,2676,3355,4055,5110,5495,6890,7281,8912,11108,16853,20369,36839,48934,82348,90230,119477);
INSERT INTO female_road VALUES (82,1680,2030,2183,2734,2747,3443,4162,5244,5639,7072,7473,9174,11468,17473,21118,38194,50733,85376,93548,123871);
INSERT INTO female_road VALUES (83,1729,2090,2247,2814,2828,3544,4284,5398,5805,7279,7692,9473,11877,18173,21964,39723,52764,88794,97294,128830);
INSERT INTO female_road VALUES (84,1786,2158,2321,2906,2920,3660,4425,5575,5996,7518,7944,9815,12342,18966,22923,41457,55068,92670,101541,134454);
INSERT INTO female_road VALUES (85,1851,2237,2406,3012,3027,3794,4586,5779,6214,7792,8234,10208,12872,19870,24016,43434,57694,97090,106383,140866);
INSERT INTO female_road VALUES (86,1926,2328,2503,3134,3150,3948,4772,6013,6466,8108,8568,10658,13485,20908,25270,45703,60708,102162,111940,148224);
INSERT INTO female_road VALUES (87,2013,2433,2616,3276,3292,4126,4988,6284,6758,8474,8955,11179,14190,22103,26714,48313,64176,107998,118335,156692);
INSERT INTO female_road VALUES (88,2114,2555,2748,3440,3457,4333,5238,6600,7098,8900,9405,11786,15017,23496,28398,51359,68222,114806,125795,166570);
INSERT INTO female_road VALUES (89,2233,2698,2902,3633,3651,4576,5532,6970,7496,9399,9932,12499,15987,25139,30384,54950,72992,122834,134592,178218);
INSERT INTO female_road VALUES (90,2373,2867,3084,3862,3880,4864,5879,7408,7966,9989,10556,13345,17141,27101,32755,59239,78689,132422,145097,192128);
INSERT INTO female_road VALUES (91,2541,3070,3302,4134,4155,5207,6295,7931,8529,10695,11302,14361,18536,29481,35631,64441,85599,144049,157837,208999);
INSERT INTO female_road VALUES (92,2744,3316,3566,4465,4487,5624,6799,8566,9212,11551,12206,15608,20249,32409,39170,70842,94101,158357,173514,229757);
INSERT INTO female_road VALUES (93,2995,3619,3892,4874,4897,6138,7420,9349,10054,12607,13322,17153,22390,36111,43644,78933,104849,176444,193333,256000);
INSERT INTO female_road VALUES (94,3311,4001,4303,5388,5414,6786,8203,10336,11115,13937,14728,19123,25159,40932,49471,89471,118846,200000,219144,290176);
INSERT INTO female_road VALUES (95,3720,4495,4835,6054,6083,7625,9217,11613,12488,15660,16548,21714,28841,47459,57360,103738,137798,231893,254089,336449);
INSERT INTO female_road VALUES (96,4269,5159,5548,6947,6981,8750,10577,13327,14332,17971,18990,25265,33986,56778,68623,124109,164857,277428,303983,402516);
INSERT INTO female_road VALUES (97,5043,6093,6553,8206,8245,10335,12493,15741,16928,21227,22430,30420,41668,71085,85914,155381,206395,347332,380577,503937);
INSERT INTO female_road VALUES (98,6210,7503,8070,10105,10154,12727,15385,19385,20846,26140,27622,38560,54351,95927,115939,209681,278524,468713,513577,680047);
INSERT INTO female_road VALUES (99,8169,9871,10616,13293,13358,16743,20239,25501,27424,34388,36339,53243,79221,149632,180847,327072,434457,731123,801105,1060773);
INSERT INTO female_road VALUES (100,12131,14658,15765,19740,19836,24863,30055,37869,40724,51066,53962,87910,149895,351732,425108,768831,1021255,1718615,1883117,2493506);

INSERT INTO female_key VALUES ('t1','1500 m',232.47);
INSERT INTO female_key VALUES ('t2','Mile',251.60);
INSERT INTO female_key VALUES ('t3','2000',321.50);
INSERT INTO female_key VALUES ('t4','3000',501.42);
INSERT INTO female_key VALUES ('t5','2 Mile',541.50);
INSERT INTO female_key VALUES ('t6','4000',683.00);
INSERT INTO female_key VALUES ('t7','3 Mile',833.00);
INSERT INTO female_key VALUES ('t8','5000',864.68);
INSERT INTO female_key VALUES ('t9','6000',1051.00);
INSERT INTO female_key VALUES ('t10','8000',1425.00);
INSERT INTO female_key VALUES ('t11','5 Mile',1435.00);
INSERT INTO female_key VALUES ('t12','10000',1801.09);


INSERT INTO male_key VALUES ('t1','1500 m',205.80);
INSERT INTO male_key VALUES ('t2','Mile',222.60);
INSERT INTO male_key VALUES ('t3','2000',283.20);
INSERT INTO male_key VALUES ('t4','3000',440.00);
INSERT INTO male_key VALUES ('t5','2 Mile',474.60);
INSERT INTO male_key VALUES ('t6','4000',598.00);
INSERT INTO male_key VALUES ('t7','3 Mile',730.00);
INSERT INTO male_key VALUES ('t8','5000',757.00);
INSERT INTO male_key VALUES ('t9','6000',919.00);
INSERT INTO male_key VALUES ('t10','8000',1247.00);
INSERT INTO male_key VALUES ('t11','5 Mile',1255.00);
INSERT INTO male_key VALUES ('t12','10000',1580.00);


CREATE TABLE male_track (
        age INTEGER,
        t1 REAL,
        t2 REAL,
        t3 REAL,
        t4 REAL,
        t5 REAL,
        t6 REAL,
        t7 REAL,
        t8 REAL,
        t9 REAL,
        t10 REAL,
        t11 REAL,
        t12 REAL
);

CREATE TABLE female_track (
        age INTEGER,
        t1 REAL,
        t2 REAL,
        t3 REAL,
        t4 REAL,
        t5 REAL,
        t6 REAL,
        t7 REAL,
        t8 REAL,
        t9 REAL,
        t10 REAL,
        t11 REAL,
        t12 REAL
);

INSERT INTO male_track VALUES (5,315.35,341.10,433.96,674.23,727.24,916.33,1118.60,1159.98,1408.21,1910.82,1923.08,2421.08);
INSERT INTO male_track VALUES (6,298.30,322.66,410.49,637.77,687.93,866.79,1058.12,1097.26,1332.08,1807.51,1819.10,2290.19);
INSERT INTO male_track VALUES (7,283.86,307.03,390.62,606.90,654.62,824.83,1006.90,1044.14,1267.59,1720.00,1731.03,2179.31);
INSERT INTO male_track VALUES (8,271.54,293.71,373.66,580.55,626.20,789.02,963.19,998.81,1212.56,1645.34,1655.89,2084.71);
INSERT INTO male_track VALUES (9,260.97,282.27,359.12,557.95,601.83,758.31,925.69,959.93,1165.36,1581.28,1591.43,2003.55);
INSERT INTO male_track VALUES (10,251.87,272.43,346.59,538.49,580.83,731.86,893.40,926.45,1124.71,1526.13,1535.92,1933.67);
INSERT INTO male_track VALUES (11,244.01,263.93,335.78,521.70,562.72,709.03,865.54,897.56,1089.64,1478.54,1488.02,1873.37);
INSERT INTO male_track VALUES (12,237.23,256.60,326.46,507.20,547.09,689.34,841.50,872.62,1059.37,1437.46,1446.69,1821.33);
INSERT INTO male_track VALUES (13,231.39,250.28,318.42,494.72,533.62,672.36,820.78,851.14,1033.28,1402.07,1411.06,1776.48);
INSERT INTO male_track VALUES (14,226.38,244.86,311.52,484.00,522.05,657.79,802.99,832.69,1010.89,1371.69,1380.49,1737.98);
INSERT INTO male_track VALUES (15,222.10,240.23,305.63,474.85,512.20,645.37,787.83,816.97,991.80,1345.78,1354.41,1705.16);
INSERT INTO male_track VALUES (16,218.49,236.33,300.67,467.14,503.88,634.89,775.03,803.69,975.69,1323.92,1332.41,1677.46);
INSERT INTO male_track VALUES (17,215.50,233.09,296.54,460.73,496.96,626.18,764.40,792.67,962.30,1305.76,1314.14,1654.45);
INSERT INTO male_track VALUES (18,212.82,230.20,292.86,455.02,490.80,618.41,754.91,782.83,950.36,1289.56,1297.83,1633.92);
INSERT INTO male_track VALUES (19,210.21,227.37,289.27,449.44,484.78,610.83,745.66,773.24,938.71,1273.75,1281.92,1613.89);
INSERT INTO male_track VALUES (20,208.03,225.01,286.26,444.76,479.73,604.47,737.91,765.19,928.94,1260.49,1268.57,1597.09);
INSERT INTO male_track VALUES (21,206.61,223.47,284.31,441.72,476.46,600.34,732.83,759.96,922.60,1251.88,1259.91,1586.19);
INSERT INTO male_track VALUES (22,205.88,222.69,283.31,440.18,474.79,598.24,730.31,757.30,919.37,1247.50,1255.50,1580.63);
INSERT INTO male_track VALUES (23,205.80,222.60,283.20,440.00,474.60,598.00,730.00,757.00,919.00,1247.00,1255.00,1580.00);
INSERT INTO male_track VALUES (24,205.80,222.60,283.20,440.00,474.60,598.00,730.00,757.00,919.00,1247.00,1255.00,1580.00);
INSERT INTO male_track VALUES (25,205.80,222.60,283.20,440.00,474.60,598.00,730.00,757.00,919.00,1247.00,1255.00,1580.00);
INSERT INTO male_track VALUES (26,205.80,222.60,283.20,440.00,474.60,598.00,730.00,757.00,919.00,1247.00,1255.00,1580.00);
INSERT INTO male_track VALUES (27,205.80,222.60,283.20,440.00,474.60,598.00,730.00,757.00,919.00,1247.00,1255.00,1580.00);
INSERT INTO male_track VALUES (28,205.82,222.62,283.23,440.04,474.65,598.06,730.10,757.08,919.09,1247.12,1255.13,1580.16);
INSERT INTO male_track VALUES (29,205.99,222.80,283.46,440.40,475.03,598.54,730.69,757.68,919.83,1248.12,1256.13,1581.42);
INSERT INTO male_track VALUES (30,206.32,223.16,283.91,441.10,475.79,599.50,731.81,758.90,921.30,1250.13,1258.15,1583.96);
INSERT INTO male_track VALUES (31,206.79,223.67,284.57,442.12,476.89,600.88,733.49,760.65,923.43,1253.01,1261.05,1587.62);
INSERT INTO male_track VALUES (32,207.42,224.35,285.43,443.46,478.33,602.70,735.71,762.95,926.22,1256.80,1264.87,1592.42);
INSERT INTO male_track VALUES (33,208.19,225.19,286.49,445.12,480.12,604.96,738.49,765.81,929.69,1261.51,1269.60,1598.38);
INSERT INTO male_track VALUES (34,209.15,226.22,287.80,447.15,482.32,607.72,741.85,769.31,933.94,1267.28,1275.41,1605.69);
INSERT INTO male_track VALUES (35,210.26,227.42,289.33,449.53,484.88,610.95,745.79,773.40,938.90,1274.01,1282.18,1614.22);
INSERT INTO male_track VALUES (36,211.53,228.80,291.09,452.26,487.82,614.66,750.33,778.09,944.60,1281.74,1289.96,1624.01);
INSERT INTO male_track VALUES (37,213.00,230.39,293.11,455.39,491.20,618.92,755.54,783.48,951.15,1290.62,1298.90,1635.27);
INSERT INTO male_track VALUES (38,214.55,232.07,295.25,458.72,494.79,623.44,761.05,789.20,958.09,1300.04,1308.38,1647.21);
INSERT INTO male_track VALUES (39,216.15,233.80,297.45,462.14,498.48,628.09,766.73,795.08,965.23,1309.74,1318.14,1659.49);
INSERT INTO male_track VALUES (40,217.75,235.53,299.65,465.56,502.17,632.74,772.41,800.97,972.38,1319.44,1327.90,1671.78);
INSERT INTO male_track VALUES (41,219.40,237.31,301.92,469.08,505.97,637.53,778.25,807.04,979.74,1329.42,1337.95,1684.43);
INSERT INTO male_track VALUES (42,221.05,239.10,304.19,472.61,509.77,642.32,784.10,813.10,987.11,1339.42,1348.01,1697.10);
INSERT INTO male_track VALUES (43,222.73,240.91,306.49,476.19,513.64,647.19,790.04,819.26,994.59,1349.57,1358.23,1709.96);
INSERT INTO male_track VALUES (44,224.45,242.77,308.87,479.88,517.61,652.20,796.16,825.61,1002.29,1360.02,1368.74,1723.20);
INSERT INTO male_track VALUES (45,226.18,244.64,311.24,483.57,521.60,657.22,802.29,831.96,1010.00,1370.48,1379.27,1736.45);
INSERT INTO male_track VALUES (46,227.96,246.57,313.69,487.37,525.70,662.38,808.60,838.50,1017.94,1381.26,1390.12,1750.11);
INSERT INTO male_track VALUES (47,229.74,248.49,316.14,491.18,529.81,667.56,814.91,845.05,1025.90,1392.05,1400.98,1763.79);
INSERT INTO male_track VALUES (48,231.55,250.45,318.63,495.05,533.98,672.82,821.33,851.71,1033.98,1403.02,1412.02,1777.68);
INSERT INTO male_track VALUES (49,233.41,252.47,321.20,499.04,538.28,678.24,827.95,858.57,1042.30,1414.31,1423.39,1791.99);
INSERT INTO male_track VALUES (50,235.28,254.49,323.77,503.03,542.59,683.66,834.57,865.44,1050.65,1425.63,1434.78,1806.33);
INSERT INTO male_track VALUES (51,237.21,256.57,326.42,507.15,547.03,689.26,841.40,872.52,1059.24,1437.30,1446.52,1821.12);
INSERT INTO male_track VALUES (52,239.14,258.66,329.07,511.27,551.48,694.86,848.25,879.62,1067.86,1448.99,1458.28,1835.93);
INSERT INTO male_track VALUES (53,241.10,260.78,331.77,515.46,556.00,700.56,855.20,886.83,1076.62,1460.87,1470.24,1850.98);
INSERT INTO male_track VALUES (54,243.12,262.97,334.55,519.79,560.66,706.44,862.37,894.27,1085.65,1473.12,1482.58,1866.51);
INSERT INTO male_track VALUES (55,245.15,265.16,337.34,524.12,565.34,712.33,869.57,901.73,1094.70,1485.41,1494.94,1882.07);
INSERT INTO male_track VALUES (56,247.24,267.42,340.22,528.59,570.16,718.40,876.98,909.42,1104.04,1498.08,1507.69,1898.13);
INSERT INTO male_track VALUES (57,249.33,269.69,343.11,533.07,574.99,724.50,884.42,917.13,1113.40,1510.78,1520.47,1914.22);
INSERT INTO male_track VALUES (58,251.47,271.99,346.04,537.63,579.91,730.69,891.98,924.98,1122.92,1523.70,1533.48,1930.60);
INSERT INTO male_track VALUES (59,253.67,274.37,349.07,542.34,584.99,737.09,899.79,933.07,1132.75,1537.04,1546.90,1947.49);
INSERT INTO male_track VALUES (60,255.87,276.76,352.11,547.06,590.08,743.50,907.62,941.19,1142.61,1550.42,1560.36,1964.44);
INSERT INTO male_track VALUES (61,258.15,279.23,355.24,551.93,595.33,750.13,915.70,949.57,1152.78,1564.22,1574.26,1981.94);
INSERT INTO male_track VALUES (62,260.44,281.70,358.39,556.82,600.61,756.77,923.82,957.99,1163.00,1578.08,1588.21,1999.49);
INSERT INTO male_track VALUES (63,262.77,284.22,361.59,561.80,605.98,763.53,932.07,966.55,1173.39,1592.19,1602.40,2017.36);
INSERT INTO male_track VALUES (64,265.17,286.82,364.90,566.94,611.52,770.52,940.60,975.39,1184.13,1606.75,1617.06,2035.82);
INSERT INTO male_track VALUES (65,267.59,289.43,368.22,572.10,617.08,777.53,949.16,984.27,1194.90,1621.38,1631.78,2054.35);
INSERT INTO male_track VALUES (66,270.08,292.13,371.65,577.43,622.83,784.78,958.01,993.44,1206.04,1636.48,1646.98,2073.49);
INSERT INTO male_track VALUES (67,272.58,294.83,375.10,582.78,628.61,792.05,966.89,1002.65,1217.22,1651.66,1662.25,2092.72);
INSERT INTO male_track VALUES (68,275.17,297.63,378.66,588.31,634.58,799.57,976.07,1012.17,1228.77,1667.34,1678.03,2112.58);
INSERT INTO male_track VALUES (69,278.03,300.73,382.60,594.43,641.18,807.89,986.22,1022.70,1241.56,1684.68,1695.49,2134.56);
INSERT INTO male_track VALUES (70,281.19,304.14,386.94,601.18,648.45,817.05,997.40,1034.29,1255.64,1703.78,1714.72,2158.76);
INSERT INTO male_track VALUES (71,284.65,307.88,391.70,608.58,656.43,827.11,1009.68,1047.03,1271.09,1724.76,1735.82,2185.34);
INSERT INTO male_track VALUES (72,288.48,312.03,396.97,616.76,665.26,838.24,1023.27,1061.12,1288.20,1747.97,1759.18,2214.75);
INSERT INTO male_track VALUES (73,292.70,316.60,402.79,625.80,675.01,850.52,1038.26,1076.66,1307.07,1773.57,1784.95,2247.19);
INSERT INTO male_track VALUES (74,297.27,321.54,409.07,635.56,685.54,863.79,1054.46,1093.46,1327.46,1801.24,1812.80,2282.25);
INSERT INTO male_track VALUES (75,302.29,326.97,415.98,646.30,697.12,878.38,1072.27,1111.93,1349.88,1831.67,1843.42,2320.80);
INSERT INTO male_track VALUES (76,307.76,332.88,423.51,657.99,709.74,894.27,1091.67,1132.05,1374.31,1864.81,1876.78,2362.79);
INSERT INTO male_track VALUES (77,313.77,339.38,431.77,670.83,723.59,911.72,1112.97,1154.14,1401.13,1901.20,1913.40,2408.90);
INSERT INTO male_track VALUES (78,320.31,346.46,440.78,684.82,738.68,930.74,1136.19,1178.21,1430.35,1940.86,1953.31,2459.14);
INSERT INTO male_track VALUES (79,327.45,354.18,450.60,700.08,755.13,951.47,1161.50,1204.46,1462.21,1984.09,1996.82,2513.92);
INSERT INTO male_track VALUES (80,335.29,362.66,461.39,716.85,773.22,974.26,1189.31,1233.30,1497.23,2031.61,2044.64,2574.13);
INSERT INTO male_track VALUES (81,343.86,371.93,473.18,735.17,792.98,999.16,1219.72,1264.83,1535.51,2083.54,2096.91,2639.93);
INSERT INTO male_track VALUES (82,353.30,382.15,486.18,755.36,814.76,1026.61,1253.22,1299.57,1577.68,2140.77,2154.51,2712.45);
INSERT INTO male_track VALUES (83,363.60,393.29,500.35,777.39,838.52,1056.54,1289.75,1337.46,1623.67,2203.18,2217.31,2791.52);
INSERT INTO male_track VALUES (84,375.00,405.61,516.03,801.75,864.80,1089.65,1330.17,1379.37,1674.56,2272.23,2286.81,2879.01);
INSERT INTO male_track VALUES (85,387.64,419.29,533.43,828.78,893.95,1126.39,1375.02,1425.88,1731.02,2348.84,2363.91,2976.08);
INSERT INTO male_track VALUES (86,401.64,434.43,552.69,858.70,926.23,1167.06,1424.67,1477.36,1793.52,2433.65,2449.26,3083.53);
INSERT INTO male_track VALUES (87,417.19,451.25,574.09,891.95,962.09,1212.24,1479.83,1534.56,1862.96,2527.87,2544.09,3202.92);
INSERT INTO male_track VALUES (88,434.64,470.12,598.10,929.25,1002.32,1262.94,1541.71,1598.73,1940.87,2633.58,2650.48,3336.85);
INSERT INTO male_track VALUES (89,454.20,491.28,625.03,971.09,1047.45,1319.80,1611.12,1670.71,2028.25,2752.15,2769.81,3487.09);
INSERT INTO male_track VALUES (90,476.28,515.16,655.40,1018.28,1098.36,1383.94,1689.42,1751.91,2126.82,2885.91,2904.42,3656.56);
INSERT INTO male_track VALUES (91,501.46,542.40,690.06,1072.12,1156.43,1457.12,1778.75,1844.54,2239.28,3038.50,3057.99,3849.90);
INSERT INTO male_track VALUES (92,530.28,573.56,729.71,1133.73,1222.88,1540.84,1880.96,1950.53,2367.95,3213.09,3233.70,4071.12);
INSERT INTO male_track VALUES (93,563.53,609.53,775.47,1204.82,1299.56,1637.46,1998.90,2072.84,2516.43,3414.57,3436.47,4326.40);
INSERT INTO male_track VALUES (94,602.46,651.64,829.04,1288.06,1389.34,1750.59,2137.00,2216.04,2690.28,3650.47,3673.89,4625.29);
INSERT INTO male_track VALUES (95,648.39,701.32,892.25,1386.26,1495.27,1884.06,2299.94,2385.00,2895.40,3928.80,3954.00,4977.95);
INSERT INTO male_track VALUES (96,703.35,760.77,967.87,1503.76,1622.01,2043.75,2494.87,2587.15,3140.81,4261.79,4289.13,5399.86);
INSERT INTO male_track VALUES (97,770.50,833.40,1060.28,1647.32,1776.86,2238.86,2733.06,2834.14,3440.66,4668.66,4698.61,5915.39);
INSERT INTO male_track VALUES (98,854.30,924.03,1175.59,1826.48,1970.11,2482.36,3030.30,3142.38,3814.86,5176.42,5209.63,6558.74);
INSERT INTO male_track VALUES (99,960.78,1039.22,1322.13,2054.15,2215.69,2791.78,3408.03,3534.08,4290.38,5821.66,5859.01,7376.28);
INSERT INTO male_track VALUES (100,1101.71,1191.65,1516.06,2355.46,2540.69,3201.28,3907.92,4052.46,4919.70,6675.59,6718.42,8458.24);
INSERT INTO female_track VALUES (5,320.65,347.03,443.45,691.61,746.9,942.07,1148.97,1192.66,1449.66,1965.52,1979.31,2484.26);
INSERT INTO female_track VALUES (6,306.73,331.97,424.2,661.59,714.47,901.17,1099.09,1140.89,1386.73,1880.2,1893.39,2376.42);
INSERT INTO female_track VALUES (7,294.79,319.05,407.68,635.84,686.66,866.09,1056.3,1096.47,1332.74,1807,1819.68,2283.91);
INSERT INTO female_track VALUES (8,284.51,307.92,393.46,613.66,662.71,835.88,1019.46,1058.23,1286.26,1743.97,1756.21,2204.25);
INSERT INTO female_track VALUES (9,275.63,298.32,381.2,594.52,642.04,809.82,987.67,1025.23,1246.15,1689.59,1701.45,2135.51);
INSERT INTO female_track VALUES (10,267.98,290.03,370.61,578.01,624.21,787.32,960.23,996.75,1211.53,1642.65,1654.18,2076.18);
INSERT INTO female_track VALUES (11,261.38,282.89,361.48,563.77,608.84,767.93,936.59,972.21,1181.7,1602.2,1613.45,2025.06);
INSERT INTO female_track VALUES (12,255.71,276.76,353.65,551.56,595.64,751.29,916.29,951.14,1156.09,1567.48,1578.48,1981.18);
INSERT INTO female_track VALUES (13,250.88,271.53,346.97,541.14,584.39,737.1,898.99,933.18,1134.25,1537.88,1548.67,1943.76);
INSERT INTO female_track VALUES (14,246.81,267.12,341.33,532.35,574.9,725.13,884.38,918.02,1115.83,1512.9,1523.52,1912.19);
INSERT INTO female_track VALUES (15,243.42,263.46,336.65,525.05,567.02,715.18,872.25,905.42,1100.52,1492.15,1502.62,1885.96);
INSERT INTO female_track VALUES (16,240.4,260.19,332.47,518.53,559.98,706.31,861.43,894.19,1086.87,1473.63,1483.97,1862.55);
INSERT INTO female_track VALUES (17,237.46,257,328.4,512.18,553.12,697.65,850.87,883.23,1073.54,1455.57,1465.78,1839.72);
INSERT INTO female_track VALUES (18,234.98,254.32,324.98,506.84,547.36,690.39,842.01,874.03,1062.37,1440.41,1450.52,1820.57);
INSERT INTO female_track VALUES (19,233.38,252.59,322.76,503.38,543.62,685.67,836.26,868.07,1055.11,1430.58,1440.62,1808.14);
INSERT INTO female_track VALUES (20,232.56,251.7,321.63,501.62,541.72,683.27,833.33,865.03,1051.42,1425.57,1435.57,1801.81);
INSERT INTO female_track VALUES (21,232.47,251.6,321.5,501.42,541.5,683,833,864.68,1051,1425,1435,1801.09);
INSERT INTO female_track VALUES (22,232.47,251.6,321.5,501.42,541.5,683,833,864.68,1051,1425,1435,1801.09);
INSERT INTO female_track VALUES (23,232.47,251.6,321.5,501.42,541.5,683,833,864.68,1051,1425,1435,1801.09);
INSERT INTO female_track VALUES (24,232.47,251.6,321.5,501.42,541.5,683,833,864.68,1051,1425,1435,1801.09);
INSERT INTO female_track VALUES (25,232.47,251.6,321.5,501.42,541.5,683,833,864.68,1051,1425,1435,1801.09);
INSERT INTO female_track VALUES (26,232.47,251.6,321.5,501.42,541.5,683,833,864.68,1051,1425,1435,1801.09);
INSERT INTO female_track VALUES (27,232.47,251.6,321.5,501.42,541.5,683,833,864.68,1051,1425,1435,1801.09);
INSERT INTO female_track VALUES (28,232.47,251.6,321.5,501.42,541.5,683,833,864.68,1051,1425,1435,1801.09);
INSERT INTO female_track VALUES (29,232.52,251.65,321.53,501.42,541.5,683,833,864.68,1051,1425,1435,1801.09);
INSERT INTO female_track VALUES (30,232.73,251.88,321.79,501.72,541.83,683.27,833.25,864.94,1051.32,1425.43,1435.43,1801.63);
INSERT INTO female_track VALUES (31,233.15,252.31,322.27,502.37,542.48,684.03,834.08,865.81,1052.26,1426.71,1436.72,1803.07);
INSERT INTO female_track VALUES (32,233.73,252.92,323.02,503.33,543.51,685.26,835.51,867.19,1053.95,1428.71,1438.74,1805.6);
INSERT INTO female_track VALUES (33,234.51,253.76,323.99,504.7,544.93,686.92,837.44,869.2,1056.28,1431.73,1441.78,1809.23);
INSERT INTO female_track VALUES (34,235.51,254.78,325.24,506.38,546.75,689.06,839.89,871.74,1059.26,1435.48,1445.55,1813.79);
INSERT INTO female_track VALUES (35,236.68,256.03,326.73,508.49,548.97,691.72,842.95,874.92,1062.9,1440.12,1450.23,1819.28);
INSERT INTO female_track VALUES (36,238.06,257.5,328.5,510.98,551.59,694.81,846.63,878.65,1067.22,1445.67,1455.82,1826.11);
INSERT INTO female_track VALUES (37,239.64,259.19,330.52,513.8,554.59,698.44,850.87,882.96,1072.34,1452.16,1462.35,1833.92);
INSERT INTO female_track VALUES (38,241.45,261.1,332.85,517.09,558.07,702.6,855.68,888.04,1078.06,1459.44,1469.68,1842.74);
INSERT INTO female_track VALUES (39,243.5,263.26,335.45,520.79,562.01,707.33,861.16,893.63,1084.62,1467.86,1478.01,1852.78);
INSERT INTO female_track VALUES (40,245.77,265.71,338.39,524.88,566.36,712.57,867.35,899.96,1092.06,1477.14,1487.51,1864.1);
INSERT INTO female_track VALUES (41,248.31,268.37,341.62,529.48,571.26,718.42,874.17,907.04,1100.18,1487.47,1497.91,1876.53);
INSERT INTO female_track VALUES (42,251.1,271.35,345.22,534.56,576.62,724.9,881.67,914.81,1109.23,1498.9,1509.41,1890.31);
INSERT INTO female_track VALUES (43,254.04,274.52,349.15,540.15,582.57,731.97,889.96,923.31,1119.16,1511.46,1521.9,1905.31);
INSERT INTO female_track VALUES (44,257.04,277.77,353.3,546.21,589.04,739.74,899.08,932.67,1129.99,1525.21,1535.74,1921.78);
INSERT INTO female_track VALUES (45,260.12,281.09,357.54,552.77,596.04,748.25,908.99,942.94,1141.77,1540.04,1550.68,1939.78);
INSERT INTO female_track VALUES (46,263.24,284.49,361.85,559.5,603.28,757.29,919.83,954.08,1154.56,1556.19,1566.94,1959.2);
INSERT INTO female_track VALUES (47,266.47,287.97,366.3,566.32,610.69,766.64,931.14,965.8,1168.56,1573.72,1584.58,1980.09);
INSERT INTO female_track VALUES (48,269.78,291.54,370.82,573.38,618.29,776.14,942.73,977.81,1183.16,1592.71,1603.71,2002.99);
INSERT INTO female_track VALUES (49,273.17,295.2,375.5,580.62,626.08,785.96,954.62,990.13,1198.27,1613.09,1624.22,2027.57);
INSERT INTO female_track VALUES (50,276.65,298.95,380.29,588.04,634.07,795.94,966.81,1002.76,1213.63,1634.17,1645.26,2053.69);
INSERT INTO female_track VALUES (51,280.19,302.8,385.17,595.58,642.27,806.28,979.31,1015.84,1229.53,1655.63,1667.05,2080.98);
INSERT INTO female_track VALUES (52,283.85,306.75,390.22,603.39,650.68,816.89,992.14,1029.14,1245.7,1677.85,1689.23,2109);
INSERT INTO female_track VALUES (53,287.6,310.81,395.35,611.41,659.32,827.68,1005.31,1042.79,1262.46,1700.48,1712.21,2137.79);
INSERT INTO female_track VALUES (54,291.46,314.97,400.67,619.65,668.19,838.86,1018.84,1056.81,1279.52,1723.93,1735.61,2167.38);
INSERT INTO female_track VALUES (55,295.43,319.25,406.14,628.03,677.3,850.24,1032.73,1071.21,1297.21,1747.82,1759.87,2197.79);
INSERT INTO female_track VALUES (56,299.46,323.64,411.7,636.72,686.66,862.05,1047.14,1086.14,1315.23,1772.39,1784.6,2229.07);
INSERT INTO female_track VALUES (57,303.64,328.16,417.48,645.66,696.28,874.07,1061.82,1101.36,1333.93,1797.88,1810.27,2261.26);
INSERT INTO female_track VALUES (58,307.95,332.8,423.36,654.85,706.18,886.55,1076.92,1117.01,1352.99,1823.88,1836.45,2294.38);
INSERT INTO female_track VALUES (59,312.38,337.58,429.47,664.22,716.36,899.39,1092.46,1133.11,1372.6,1850.89,1863.64,2328.49);
INSERT INTO female_track VALUES (60,316.93,342.5,435.75,673.95,726.85,912.49,1108.45,1149.69,1392.98,1878.46,1891.39,2363.64);
INSERT INTO female_track VALUES (61,321.58,347.56,442.17,683.97,737.64,926.1,1124.92,1166.91,1413.77,1907.12,1920.25,2399.85);
INSERT INTO female_track VALUES (62,326.41,352.78,448.83,694.3,748.76,939.99,1141.88,1184.49,1435.4,1936.4,1949.73,2437.2);
INSERT INTO female_track VALUES (63,331.39,358.15,455.64,704.84,760.21,954.44,1159.36,1202.61,1457.5,1966.87,1980.4,2475.73);
INSERT INTO female_track VALUES (64,336.52,363.69,462.72,715.8,772.03,969.21,1177.39,1221.3,1480.49,1998.04,2011.78,2515.49);
INSERT INTO female_track VALUES (65,341.82,369.4,470.03,727.12,784.1,984.58,1195.98,1240.57,1504.01,2030.2,2044.45,2556.55);
INSERT INTO female_track VALUES (66,347.23,375.3,477.5,738.79,796.68,1000.44,1215.35,1260.65,1528.5,2063.72,2077.9,2598.98);
INSERT INTO female_track VALUES (67,352.87,381.39,485.28,750.85,809.66,1016.67,1235.17,1281.2,1553.58,2098.06,2112.78,2642.83);
INSERT INTO female_track VALUES (68,358.69,387.67,493.25,763.2,823.07,1033.6,1255.65,1302.43,1579.74,2133.87,2148.53,2688.19);
INSERT INTO female_track VALUES (69,364.72,394.17,501.56,776.07,836.94,1050.93,1276.82,1324.37,1606.54,2170.6,2185.83,2735.14);
INSERT INTO female_track VALUES (70,370.94,400.89,510.16,789.39,851.28,1069.02,1298.72,1347.06,1634.53,2208.96,2224.12,2783.76);
INSERT INTO female_track VALUES (71,377.33,407.85,518.97,803.17,866.12,1087.58,1321.38,1370.77,1663.24,2248.34,2264.12,2834.13);
INSERT INTO female_track VALUES (72,383.99,415.04,528.17,817.31,881.49,1106.97,1344.85,1395.1,1692.98,2289.52,2305.22,2886.36);
INSERT INTO female_track VALUES (73,390.9,422.5,537.63,832.09,897.41,1127.06,1369.17,1420.3,1724.08,2331.86,2348.22,2940.56);
INSERT INTO female_track VALUES (74,398.07,430.23,547.51,847.42,913.92,1147.71,1394.38,1446.44,1756.06,2376.19,2392.46,2996.82);
INSERT INTO female_track VALUES (75,405.49,438.25,557.77,863.33,931.05,1169.32,1420.53,1473.55,1789.55,2421.82,2438.82,3055.28);
INSERT INTO female_track VALUES (76,413.13,446.57,568.32,879.68,948.83,1191.56,1447.94,1501.96,1824.02,2469.24,2486.57,3116.07);
INSERT INTO female_track VALUES (77,421.14,455.22,579.38,896.83,967.31,1214.87,1476.17,1531.22,1860.18,2519,2536.68,3179.33);
INSERT INTO female_track VALUES (78,429.47,464.21,590.78,914.67,986.52,1238.89,1505.51,1561.64,1897.45,2570.35,2588.38,3245.21);
INSERT INTO female_track VALUES (79,438.13,473.56,602.74,933.22,1006.51,1264.58,1537.18,1594.76,1936.97,2624.31,2642.73,3313.87);
INSERT INTO female_track VALUES (80,447.14,483.29,615.31,953.81,1028.88,1293.56,1573.48,1632.4,1981.15,2681.09,2699.91,3385.51);
INSERT INTO female_track VALUES (81,456.99,494.21,629.65,977.24,1054.53,1326.47,1614.34,1675.41,2031.31,2745.66,2764.93,3463.63);
INSERT INTO female_track VALUES (82,468.5,506.75,646.1,1004.25,1083.65,1364.09,1661.02,1723.84,2088.22,2818.99,2838.77,3552.45);
INSERT INTO female_track VALUES (83,481.8,521.23,665.08,1034.92,1116.96,1406.8,1713.64,1778.81,2152.81,2902.24,2922.61,3653.33);
INSERT INTO female_track VALUES (84,497.16,537.84,686.67,1070.04,1155.08,1455.36,1773.85,1841.31,2226.69,2996.85,3017.24,3767.97);
INSERT INTO female_track VALUES (85,514.88,557.13,711.76,1110.07,1198.54,1510.73,1842.11,1912.59,2310.4,3104.58,3125.68,3898.46);
INSERT INTO female_track VALUES (86,535.28,579.32,740.61,1156.41,1248.56,1574.1,1920.68,1994.65,2406.14,3226.9,3249.55,4047.39);
INSERT INTO female_track VALUES (87,559.09,605.1,773.95,1209.7,1306.08,1646.97,2010.62,2088.6,2516.16,3368,3391.63,4218.01);
INSERT INTO female_track VALUES (88,586.9,635.19,812.69,1271.99,1372.97,1731.74,2115.29,2197.41,2643.36,3530.72,3554.62,4414.44);
INSERT INTO female_track VALUES (89,619.59,670.58,858.25,1344.65,1451.35,1830.61,2236.84,2324.41,2791.5,3719.66,3744.78,4641.98);
INSERT INTO female_track VALUES (90,658.37,712.34,912.32,1430.18,1543.61,1946.98,2380.68,2474.05,2966.41,3940.82,3967.38,4907.6);
INSERT INTO female_track VALUES (91,704.67,762.66,976.61,1532.93,1653.44,2085.5,2551.3,2653.21,3173.31,4202.3,4230.54,5220.55);
INSERT INTO female_track VALUES (92,761.2,823.57,1055.14,1657.04,1787.13,2253.38,2758.28,2868.88,3422.34,4513.78,4545.45,5593.45);
INSERT INTO female_track VALUES (93,831.14,898.89,1151.5,1810.18,1951.35,2459.49,3011.57,3134.03,3726.95,4893.54,4926.19,6043.93);
INSERT INTO female_track VALUES (94,919.58,993.68,1273.27,2003.28,2157.37,2716.79,3330.67,3467.04,4107.07,5363.19,5398.8,6597.4);
INSERT INTO female_track VALUES (95,1034.58,1117.23,1431.43,2253.57,2423.9,3050.47,3740.46,3896.71,4593.53,5957.36,5996.66,7291.86);
INSERT INTO female_track VALUES (96,1189.1,1283.02,1642.82,2589.98,2781.2,3493.61,4289.39,4473.25,5236.67,6731.22,6775.26,8186.77);
INSERT INTO female_track VALUES (97,1408.91,1517.49,1942.6,3063.04,3281.82,4111.98,5054.61,5278.88,6128.28,7778.38,7828.7,9380.68);
INSERT INTO female_track VALUES (98,1743.96,1873.42,2393.89,3778.6,4035.02,5036.87,6202.53,6486.72,7432.81,9271.31,9324.24,11049.63);
INSERT INTO female_track VALUES (99,2315.44,2476.38,3155.05,4984.29,5293.26,6561,8095.24,8493.91,9528.56,11557.18,11628.85,13542.03);
INSERT INTO female_track VALUES (100,3506.33,3716.4,4700.29,7439.47,7802.59,9539.11,11832.39,12495.38,13439.9,15522.88,15614.8,17657.75);
